/loris/pudl0001/4603661/00000001/full/140,140/0/native.jpg
/loris/pudl0001/4612448/00000001/full/140,140/0/native.jpg
/loris/pudl0001/4601808/s41/00000001/full/140,140/0/native.jpg
/loris/pudl0001/4606051/00000001/full/140,140/0/native.jpg
/loris/pudl0001/3499523/00000001/full/140,140/0/native.jpg
/loris/pudl0001/5138415/00000001/full/140,140/0/native.jpg
/loris/pudl0001/4604511/00000001/full/140,140/0/native.jpg
/loris/pudl0001/3510033/00000001/full/140,140/0/native.jpg
/loris/pudl0001/3509742/00000001/full/140,140/0/native.jpg
/loris/pudl0001/4691921/00000001/full/140,140/0/native.jpg
/loris/pudl0001/4691825/00000001/full/140,140/0/native.jpg
/loris/pudl0001/4612596/00000001/full/140,140/0/native.jpg
/loris/pudl0001/4609321/331/00000001/full/140,140/0/native.jpg
/loris/pudl0001/4609321/s42/00000001/full/140,140/0/native.jpg
/loris/pudl0001/4606192/00000001/full/140,140/0/native.jpg
/loris/pudl0001/4612577/00000001/full/140,140/0/native.jpg
/loris/pudl0001/4606238/00000001/full/140,140/0/native.jpg
/loris/pudl0001/4606209/00000001/full/140,140/0/native.jpg
/loris/pudl0001/3493083/00000001/full/140,140/0/native.jpg
/loris/pudl0001/4612558/00000001/full/140,140/0/native.jpg
/loris/pudl0001/4612422/00000001/full/140,140/0/native.jpg
/loris/pudl0001/4603408/00000001/full/140,140/0/native.jpg
/loris/pudl0001/4609990/s43/00000001/full/140,140/0/native.jpg
/loris/pudl0001/4609990/332/00000001/full/140,140/0/native.jpg
/loris/pudl0001/4606221/00000001/full/140,140/0/native.jpg
/loris/pudl0001/4609321/s42/00000001/full/pct:40/0/native.jpg
/loris/pudl0001/4609321/s42/00000002/full/pct:40/0/native.jpg
/loris/pudl0001/4609321/s42/00000003/full/pct:40/0/native.jpg
/loris/pudl0001/4609321/s42/00000004/full/pct:40/0/native.jpg
/loris/pudl0001/4609321/s42/00000005/full/pct:40/0/native.jpg
/loris/pudl0001/4609321/s42/00000006/full/pct:40/0/native.jpg
/loris/pudl0001/4609321/s42/00000007/full/pct:40/0/native.jpg
/loris/pudl0001/4609321/s42/00000008/full/pct:40/0/native.jpg
/loris/pudl0001/4609321/s42/00000009/full/pct:40/0/native.jpg
/loris/pudl0001/4609321/s42/00000010/full/pct:40/0/native.jpg
/loris/pudl0001/4609321/s42/00000011/full/pct:40/0/native.jpg
/loris/pudl0001/4609321/s42/00000012/full/pct:40/0/native.jpg
/loris/pudl0001/4609321/s42/00000013/full/pct:40/0/native.jpg
/loris/pudl0001/4609321/s42/00000014/full/pct:40/0/native.jpg
/loris/pudl0001/4609321/s42/00000015/full/pct:40/0/native.jpg
/loris/pudl0001/4609321/s42/00000016/full/pct:40/0/native.jpg
/loris/pudl0001/4609321/s42/00000017/full/pct:40/0/native.jpg
/loris/pudl0001/4609321/s42/00000018/full/pct:40/0/native.jpg
/loris/pudl0001/4609321/s42/00000019/full/pct:40/0/native.jpg
/loris/pudl0001/4609321/s42/00000020/full/pct:40/0/native.jpg
/loris/pudl0001/4609321/s42/00000021/full/pct:40/0/native.jpg
/loris/pudl0001/4609321/s42/00000022/full/pct:40/0/native.jpg
/loris/pudl0001/4609321/s42/00000023/full/pct:40/0/native.jpg
/loris/pudl0001/4609321/s42/00000024/full/pct:40/0/native.jpg
/loris/pudl0001/4609321/s42/00000025/full/pct:40/0/native.jpg
/loris/pudl0001/4609321/s42/00000026/full/pct:40/0/native.jpg
/loris/pudl0001/4609321/s42/00000027/full/pct:40/0/native.jpg
/loris/pudl0001/4609321/s42/00000028/full/pct:40/0/native.jpg
/loris/pudl0001/4609321/s42/00000029/full/pct:40/0/native.jpg
/loris/pudl0001/4609321/s42/00000030/full/pct:40/0/native.jpg
/loris/pudl0001/4609321/s42/00000031/full/pct:40/0/native.jpg
/loris/pudl0001/4609321/s42/00000032/full/pct:40/0/native.jpg
/loris/pudl0001/4609321/s42/00000033/full/pct:40/0/native.jpg
/loris/pudl0001/4609321/s42/00000034/full/pct:40/0/native.jpg
/loris/pudl0001/4609321/s42/00000035/full/pct:40/0/native.jpg
/loris/pudl0001/4609321/s42/00000036/full/pct:40/0/native.jpg
/loris/pudl0001/4609321/s42/00000037/full/pct:40/0/native.jpg
/loris/pudl0001/4609321/s42/00000038/full/pct:40/0/native.jpg
/loris/pudl0001/4609321/s42/00000039/full/pct:40/0/native.jpg
/loris/pudl0001/4609321/s42/00000040/full/pct:40/0/native.jpg
/loris/pudl0001/4609321/s42/00000041/full/pct:40/0/native.jpg
/loris/pudl0001/4609321/s42/00000042/full/pct:40/0/native.jpg
/loris/pudl0001/4609321/s42/00000043/full/pct:40/0/native.jpg
/loris/pudl0001/4609321/s42/00000044/full/pct:40/0/native.jpg
/loris/pudl0001/4609321/s42/00000045/full/pct:40/0/native.jpg
/loris/pudl0001/4609321/s42/00000046/full/pct:40/0/native.jpg
/loris/pudl0001/4609321/s42/00000047/full/pct:40/0/native.jpg
/loris/pudl0001/4609321/s42/00000048/full/pct:40/0/native.jpg
/loris/pudl0001/4609321/s42/00000049/full/pct:40/0/native.jpg
/loris/pudl0001/4609321/s42/00000050/full/pct:40/0/native.jpg
/loris/pudl0001/4609321/s42/00000051/full/pct:40/0/native.jpg
/loris/pudl0001/4609321/s42/00000052/full/pct:40/0/native.jpg
/loris/pudl0001/4609321/s42/00000053/full/pct:40/0/native.jpg
/loris/pudl0001/4609321/s42/00000054/full/pct:40/0/native.jpg
/loris/pudl0001/4609321/s42/00000055/full/pct:40/0/native.jpg
/loris/pudl0001/4609321/s42/00000056/full/pct:40/0/native.jpg
/loris/pudl0001/4609321/s42/00000057/full/pct:40/0/native.jpg
/loris/pudl0001/4609321/s42/00000058/full/pct:40/0/native.jpg
/loris/pudl0001/4609321/s42/00000059/full/pct:40/0/native.jpg
/loris/pudl0001/4609321/s42/00000060/full/pct:40/0/native.jpg
/loris/pudl0001/4609321/s42/00000061/full/pct:40/0/native.jpg
/loris/pudl0001/4609321/s42/00000062/full/pct:40/0/native.jpg
/loris/pudl0001/4609321/s42/00000063/full/pct:40/0/native.jpg
/loris/pudl0001/4609321/s42/00000064/full/pct:40/0/native.jpg
/loris/pudl0001/4609321/s42/00000065/full/pct:40/0/native.jpg
/loris/pudl0001/4609321/s42/00000066/full/pct:40/0/native.jpg
/loris/pudl0001/4609321/s42/00000067/full/pct:40/0/native.jpg
/loris/pudl0001/4609321/s42/00000068/full/pct:40/0/native.jpg
/loris/pudl0001/4609321/s42/00000069/full/pct:40/0/native.jpg
/loris/pudl0001/4609321/s42/00000070/full/pct:40/0/native.jpg
/loris/pudl0001/4609321/s42/00000071/full/pct:40/0/native.jpg
/loris/pudl0001/4609321/s42/00000072/full/pct:40/0/native.jpg
/loris/pudl0001/4609321/s42/00000073/full/pct:40/0/native.jpg
/loris/pudl0001/4609321/s42/00000074/full/pct:40/0/native.jpg
/loris/pudl0001/4609321/s42/00000075/full/pct:40/0/native.jpg
